{
  "_comment": "This file should be generated by Firebase Console. Please add your actual Firebase configuration here.",
  "project_info": {
    "project_number": "YOUR_PROJECT_NUMBER",
    "firebase_url": "https://YOUR_PROJECT.firebaseio.com",
    "project_id": "YOUR_PROJECT_ID"
  },
  "client": [
    {
      "client_info": {
        "mobilesdk_app_id": "1:YOUR_PROJECT_NUMBER:android:YOUR_APP_ID",
        "android_client_info": {
          "package_name": "com.personaleenergy.app"
        }
      },
      "oauth_client": [],
      "api_key": [
        {
          "current_key": "YOUR_API_KEY"
        }
      ],
      "services": {
        "appinvite_service": {
          "other_platform_oauth_client": []
        }
      }
    }
  ],
  "configuration_version": "1"
}

